<Profile xmlns="http://schemas.datacontract.org/2004/07/Stab_Face.Misc" xmlns:i="http://www.w3.org/2001/XMLSchema-instance"><factions xmlns:a="http://schemas.microsoft.com/2003/10/Serialization/Arrays"><a:unsignedShort>45</a:unsignedShort></factions><ghostWaypoints/><name>Eastmoon</name><waypoints><Waypoint><X>-8779.056</X><Y>-3480.242</Y><Z>10.2768908</Z></Waypoint><Waypoint><X>-8786.944</X><Y>-3486.948</Y><Z>9.201665</Z></Waypoint><Waypoint><X>-8793.878</X><Y>-3494.798</Y><Z>8.698568</Z></Waypoint><Waypoint><X>-8800.602</X><Y>-3502.845</Y><Z>8.96365452</Z></Waypoint><Waypoint><X>-8807.811</X><Y>-3510.44873</Y><Z>9.108942</Z></Waypoint><Waypoint><X>-8814.843</X><Y>-3517.71753</Y><Z>8.984858</Z></Waypoint><Waypoint><X>-8819.876</X><Y>-3527.03613</Y><Z>9.021447</Z></Waypoint><Waypoint><X>-8826.269</X><Y>-3535.06323</Y><Z>9.672908</Z></Waypoint><Waypoint><X>-8831.656</X><Y>-3543.79565</Y><Z>10.9092531</Z></Waypoint><Waypoint><X>-8836.79</X><Y>-3552.86353</Y><Z>12.1640892</Z></Waypoint><Waypoint><X>-8844.589</X><Y>-3559.41675</Y><Z>12.669529</Z></Waypoint><Waypoint><X>-8854.865</X><Y>-3560.15283</Y><Z>11.5663738</Z></Waypoint><Waypoint><X>-8864.843</X><Y>-3559.4104</Y><Z>9.790252</Z></Waypoint><Waypoint><X>-8875.267</X><Y>-3558.3584</Y><Z>9.337133</Z></Waypoint><Waypoint><X>-8885.676</X><Y>-3558.17188</Y><Z>12.0069838</Z></Waypoint><Waypoint><X>-8896.137</X><Y>-3558.70239</Y><Z>14.4503622</Z></Waypoint><Waypoint><X>-8906.114</X><Y>-3559.5188</Y><Z>13.6098719</Z></Waypoint><Waypoint><X>-8916.529</X><Y>-3559.27686</Y><Z>11.1429758</Z></Waypoint><Waypoint><X>-8926.521</X><Y>-3558.67285</Y><Z>9.760794</Z></Waypoint><Waypoint><X>-8936.426</X><Y>-3556.89551</Y><Z>10.1859837</Z></Waypoint><Waypoint><X>-8946.803</X><Y>-3555.43628</Y><Z>12.1267366</Z></Waypoint><Waypoint><X>-8957.187</X><Y>-3553.97583</Y><Z>14.022459</Z></Waypoint><Waypoint><X>-8967.161</X><Y>-3551.24121</Y><Z>14.5787868</Z></Waypoint><Waypoint><X>-8976.209</X><Y>-3546.24731</Y><Z>14.1296749</Z></Waypoint><Waypoint><X>-8983.842</X><Y>-3539.50024</Y><Z>13.5355148</Z></Waypoint><Waypoint><X>-8984.271</X><Y>-3529.062</Y><Z>14.8265181</Z></Waypoint><Waypoint><X>-8984.128</X><Y>-3519.053</Y><Z>16.1620331</Z></Waypoint><Waypoint><X>-8984.43</X><Y>-3508.64063</Y><Z>17.0876484</Z></Waypoint><Waypoint><X>-8985.137</X><Y>-3498.66</Y><Z>17.5801525</Z></Waypoint><Waypoint><X>-8980.335</X><Y>-3489.5354</Y><Z>19.105526</Z></Waypoint><Waypoint><X>-8977.228</X><Y>-3479.52783</Y><Z>20.29372</Z></Waypoint><Waypoint><X>-8974.232</X><Y>-3469.61475</Y><Z>21.369627</Z></Waypoint><Waypoint><X>-8971.017</X><Y>-3460.144</Y><Z>22.009594</Z></Waypoint><Waypoint><X>-8967.819</X><Y>-3450.25122</Y><Z>22.0327759</Z></Waypoint><Waypoint><X>-8965.295</X><Y>-3440.08</Y><Z>21.7890053</Z></Waypoint><Waypoint><X>-8964.258</X><Y>-3430.12939</Y><Z>21.5647125</Z></Waypoint><Waypoint><X>-8963.543</X><Y>-3419.735</Y><Z>21.2304878</Z></Waypoint><Waypoint><X>-8963.618</X><Y>-3409.72534</Y><Z>21.0970745</Z></Waypoint><Waypoint><X>-8964.962</X><Y>-3399.65</Y><Z>21.71589</Z></Waypoint><Waypoint><X>-8964.293</X><Y>-3389.38867</Y><Z>22.1962776</Z></Waypoint><Waypoint><X>-8959.992</X><Y>-3380.02271</Y><Z>22.8644733</Z></Waypoint><Waypoint><X>-8953.943</X><Y>-3372.058</Y><Z>23.1204414</Z></Waypoint><Waypoint><X>-8947.866</X><Y>-3364.10376</Y><Z>22.57719</Z></Waypoint><Waypoint><X>-8940.672</X><Y>-3356.84839</Y><Z>20.6895638</Z></Waypoint><Waypoint><X>-8932.8125</X><Y>-3349.89526</Y><Z>18.204546</Z></Waypoint><Waypoint><X>-8922.909</X><Y>-3353.29688</Y><Z>17.0465317</Z></Waypoint><Waypoint><X>-8912.531</X><Y>-3352.04</Y><Z>17.6681938</Z></Waypoint><Waypoint><X>-8902.371</X><Y>-3352.39624</Y><Z>18.1085758</Z></Waypoint><Waypoint><X>-8893.237</X><Y>-3357.35449</Y><Z>17.6197338</Z></Waypoint><Waypoint><X>-8883.231</X><Y>-3358.28369</Y><Z>16.1107712</Z></Waypoint><Waypoint><X>-8874.014</X><Y>-3353.33154</Y><Z>13.3958168</Z></Waypoint><Waypoint><X>-8864.776</X><Y>-3348.36865</Y><Z>10.7839737</Z></Waypoint><Waypoint><X>-8855.545</X><Y>-3343.40942</Y><Z>9.724725</Z></Waypoint><Waypoint><X>-8846.158</X><Y>-3338.56323</Y><Z>9.197988</Z></Waypoint><Waypoint><X>-8835.79</X><Y>-3337.10059</Y><Z>8.861359</Z></Waypoint><Waypoint><X>-8826.243</X><Y>-3340.764</Y><Z>8.749975</Z></Waypoint><Waypoint><X>-8819.124</X><Y>-3348.43579</Y><Z>9.226159</Z></Waypoint><Waypoint><X>-8811.288</X><Y>-3355.40137</Y><Z>9.819215</Z></Waypoint><Waypoint><X>-8803.427</X><Y>-3362.34131</Y><Z>10.2529449</Z></Waypoint><Waypoint><X>-8795.933</X><Y>-3369.61572</Y><Z>10.9201126</Z></Waypoint><Waypoint><X>-8788.362</X><Y>-3376.39429</Y><Z>11.3779812</Z></Waypoint><Waypoint><X>-8784.556</X><Y>-3386.18774</Y><Z>11.9425716</Z></Waypoint><Waypoint><X>-8784.066</X><Y>-3396.58081</Y><Z>11.7845793</Z></Waypoint><Waypoint><X>-8785.432</X><Y>-3406.94531</Y><Z>10.6704092</Z></Waypoint><Waypoint><X>-8785.593</X><Y>-3417.53955</Y><Z>9.157988</Z></Waypoint><Waypoint><X>-8781.773</X><Y>-3427.296</Y><Z>8.652636</Z></Waypoint></waypoints></Profile>